<?xml version="1.0" encoding="UTF-8"?>

<!-- generated on 2025-02-08 00:45:16.129889 by osmWebWizard.py v1_21_0+0000-d7b3b481c43
<configuration>
    <net-file value="C:\Users\prath\OneDrive\Desktop\SUMO\2025-02-08-00-45-07\osm.net.xml.gz"/>
    <output-trip-file value="C:\Users\prath\OneDrive\Desktop\SUMO\2025-02-08-00-45-07\osm.passenger.trips.xml"/>
    <route-file value="C:\Users\prath\OneDrive\Desktop\SUMO\2025-02-08-00-45-07\osm.passenger.rou.xml"/>
    <prefix value="veh"/>
    <trip-attributes value="departLane=&quot;best&quot;"/>
    <fringe-start-attributes value="departSpeed=&quot;max&quot;"/>
    <vehicle-class value="passenger"/>
    <lanes value="True"/>
    <fringe-factor value="5"/>
    <allow-fringe.min-length value="1000.0"/>
    <via-edge-types value="highway.motorway,highway.motorway_link,highway.trunk_link,highway.primary_link,highway.secondary_link,highway.tertiary_link"/>
    <min-distance value="300.0"/>
    <min-distance.fringe value="10.0"/>
    <remove-loops value="True"/>
    <validate value="True"/>
    <end value="5000.0"/>
    <insertion-density value="12.0"/>
</configuration>
-->

<!-- generated on 2025-02-08 00:45:15 by Eclipse SUMO duarouter Version 1.21.0
<duarouterConfiguration xmlns:xsi="http://www.w3.org/2001/XMLSchema-instance" xsi:noNamespaceSchemaLocation="http://sumo.dlr.de/xsd/duarouterConfiguration.xsd">

    <input>
        <net-file value="C:\Users\prath\OneDrive\Desktop\SUMO\2025-02-08-00-45-07\osm.net.xml.gz"/>
        <route-files value="C:\Users\prath\OneDrive\Desktop\SUMO\2025-02-08-00-45-07\osm.passenger.trips.xml"/>
    </input>

    <output>
        <output-file value="C:\Users\prath\OneDrive\Desktop\SUMO\2025-02-08-00-45-07\osm.passenger.trips.xml.tmp"/>
        <alternatives-output value="NUL"/>
        <write-trips value="true"/>
    </output>

    <processing>
        <remove-loops value="true"/>
    </processing>

    <time>
        <begin value="0.0"/>
        <end value="5000.0"/>
    </time>

    <report>
        <no-warnings value="true"/>
        <ignore-errors value="true"/>
        <no-step-log value="true"/>
    </report>

</duarouterConfiguration>
-->

<routes xmlns:xsi="http://www.w3.org/2001/XMLSchema-instance" xsi:noNamespaceSchemaLocation="http://sumo.dlr.de/xsd/routes_file.xsd">
    <vType id="veh_passenger" vClass="passenger"/>
    <trip id="veh0" type="veh_passenger" depart="0.00" departLane="best" from="-73032198#2" to="73030447#6"/>
    <trip id="veh2" type="veh_passenger" depart="17.16" departLane="best" from="73030704#0" to="-181613157#1"/>
    <trip id="veh3" type="veh_passenger" depart="25.73" departLane="best" from="1124062596#0" to="1175594875"/>
    <trip id="veh4" type="veh_passenger" depart="34.31" departLane="best" from="73030447#0" to="1258637582#2"/>
    <trip id="veh5" type="veh_passenger" depart="42.89" departLane="best" from="-1124062594#0" to="73030425#0"/>
    <trip id="veh6" type="veh_passenger" depart="51.47" departLane="best" departSpeed="max" from="151829684#0" to="1282468088#0"/>
    <trip id="veh7" type="veh_passenger" depart="60.05" departLane="best" from="-72879142" to="1124062590#1"/>
    <trip id="veh8" type="veh_passenger" depart="68.62" departLane="best" from="72878025#4" to="235882320#2"/>
    <trip id="veh9" type="veh_passenger" depart="77.20" departLane="best" from="1092139662#3" to="-72878693"/>
    <trip id="veh10" type="veh_passenger" depart="85.78" departLane="best" from="73036341#1" to="1092139662#5"/>
    <trip id="veh11" type="veh_passenger" depart="94.36" departLane="best" from="73030447#2" to="151829684#1"/>
    <trip id="veh13" type="veh_passenger" depart="111.51" departLane="best" from="1258637582#0" to="73036341#2"/>
    <trip id="veh14" type="veh_passenger" depart="120.09" departLane="best" from="-181613165" to="-181613191#0"/>
    <trip id="veh15" type="veh_passenger" depart="128.67" departLane="best" from="73030425#5" to="1330597146"/>
    <trip id="veh16" type="veh_passenger" depart="137.25" departLane="best" from="202565742#1" to="1190294344"/>
    <trip id="veh17" type="veh_passenger" depart="145.83" departLane="best" from="-183248164" to="73032689#0"/>
    <trip id="veh18" type="veh_passenger" depart="154.41" departLane="best" from="1334174911#0" to="1124062590#1"/>
    <trip id="veh19" type="veh_passenger" depart="162.98" departLane="best" departSpeed="max" from="151829684#0" to="181613157#0"/>
    <trip id="veh20" type="veh_passenger" depart="171.56" departLane="best" from="-72879992#0" to="438525562"/>
    <trip id="veh21" type="veh_passenger" depart="180.14" departLane="best" from="1267442508" to="22857230"/>
    <trip id="veh22" type="veh_passenger" depart="188.72" departLane="best" from="73030423#5" to="-474538040#0"/>
    <trip id="veh23" type="veh_passenger" depart="197.30" departLane="best" from="-73030447#6" to="1175890758"/>
    <trip id="veh24" type="veh_passenger" depart="205.87" departLane="best" from="-992712231#0" to="-73032198#1"/>
    <trip id="veh26" type="veh_passenger" depart="223.03" departLane="best" from="73032196#0" to="1188585297#1"/>
    <trip id="veh27" type="veh_passenger" depart="231.61" departLane="best" from="-73032196#0" to="-73031456#0"/>
    <trip id="veh28" type="veh_passenger" depart="240.19" departLane="best" from="1267442521#0" to="-73032196#2"/>
    <trip id="veh29" type="veh_passenger" depart="248.76" departLane="best" from="1282468088#0-AddedOnRampEdge" to="73030702#3"/>
    <trip id="veh30" type="veh_passenger" depart="257.34" departLane="best" from="992712231#1" to="1258637588#1"/>
    <trip id="veh31" type="veh_passenger" depart="265.92" departLane="best" from="-181613165" to="1190294344"/>
    <trip id="veh32" type="veh_passenger" depart="274.50" departLane="best" from="-183688259" to="183248165#1"/>
    <trip id="veh33" type="veh_passenger" depart="283.08" departLane="best" from="72878025#0" to="1124062596#4"/>
    <trip id="veh34" type="veh_passenger" depart="291.65" departLane="best" from="992712231#1" to="1267442521#1"/>
    <trip id="veh35" type="veh_passenger" depart="300.23" departLane="best" from="73037236" to="73030424#1"/>
    <trip id="veh36" type="veh_passenger" depart="308.81" departLane="best" from="-1124062590#3" to="424037876"/>
    <trip id="veh37" type="veh_passenger" depart="317.39" departLane="best" from="181613191#1" to="1267442521#3"/>
    <trip id="veh38" type="veh_passenger" depart="325.97" departLane="best" from="-73032196#1" to="202565682#1"/>
    <trip id="veh39" type="veh_passenger" depart="334.54" departLane="best" from="-202565715" to="1142049707#2"/>
    <trip id="veh40" type="veh_passenger" depart="343.12" departLane="best" departSpeed="max" from="1150075890" to="73032692"/>
    <trip id="veh41" type="veh_passenger" depart="351.70" departLane="best" from="73030700" to="73032196#2"/>
    <trip id="veh42" type="veh_passenger" depart="360.28" departLane="best" from="-1189622123" to="-72881199#2"/>
    <trip id="veh43" type="veh_passenger" depart="368.86" departLane="best" from="73032196#0" to="73030425#3"/>
    <trip id="veh44" type="veh_passenger" depart="377.44" departLane="best" from="73032858#0" to="202565682#1"/>
    <trip id="veh45" type="veh_passenger" depart="386.01" departLane="best" from="1303418441" to="-701001725"/>
    <trip id="veh48" type="veh_passenger" depart="411.75" departLane="best" from="73030702#1" to="73032689#0"/>
    <trip id="veh49" type="veh_passenger" depart="420.33" departLane="best" from="-181613157#0" to="1237198320#1"/>
    <trip id="veh51" type="veh_passenger" depart="437.48" departLane="best" from="1152890692#1" to="1282468088#2"/>
    <trip id="veh52" type="veh_passenger" depart="446.06" departLane="best" from="1124062596#0" to="-73030447#0"/>
    <trip id="veh54" type="veh_passenger" depart="463.22" departLane="best" from="-73030424#1" to="-992712231#2"/>
    <trip id="veh55" type="veh_passenger" depart="471.79" departLane="best" from="788838090" to="202565682#1"/>
    <trip id="veh56" type="veh_passenger" depart="480.37" departLane="best" from="1142049707#1" to="1267442507"/>
    <trip id="veh57" type="veh_passenger" depart="488.95" departLane="best" from="22857381#0" to="73030447#6"/>
    <trip id="veh58" type="veh_passenger" depart="497.53" departLane="best" from="1092139662#2" to="-1334174227#1"/>
    <trip id="veh60" type="veh_passenger" depart="514.68" departLane="best" from="-73030447#6" to="73030704#0"/>
    <trip id="veh61" type="veh_passenger" depart="523.26" departLane="best" from="73030702#3" to="202565713#3"/>
    <trip id="veh63" type="veh_passenger" depart="540.42" departLane="best" from="73032689#1" to="1303417314"/>
    <trip id="veh64" type="veh_passenger" depart="549.00" departLane="best" from="1152890692#0" to="692013725"/>
    <trip id="veh65" type="veh_passenger" depart="557.57" departLane="best" from="72878693" to="-73030423#4"/>
    <trip id="veh66" type="veh_passenger" depart="566.15" departLane="best" from="1124062596#0" to="1189622123"/>
    <trip id="veh67" type="veh_passenger" depart="574.73" departLane="best" from="-377007955" to="202565713#3"/>
    <trip id="veh68" type="veh_passenger" depart="583.31" departLane="best" from="73037905#1" to="183248164"/>
    <trip id="veh69" type="veh_passenger" depart="591.89" departLane="best" from="72878025#0" to="1092139662#5"/>
    <trip id="veh70" type="veh_passenger" depart="600.46" departLane="best" from="73030425#5" to="-73031456#1"/>
    <trip id="veh71" type="veh_passenger" depart="609.04" departLane="best" from="-73030423#2" to="1175890758"/>
    <trip id="veh72" type="veh_passenger" depart="617.62" departLane="best" from="1124062596#0" to="-73032689#0"/>
    <trip id="veh73" type="veh_passenger" depart="626.20" departLane="best" from="-73031453#0" to="-73032194#0"/>
    <trip id="veh75" type="veh_passenger" depart="643.36" departLane="best" from="1258637589#1" to="1214705780"/>
    <trip id="veh76" type="veh_passenger" depart="651.93" departLane="best" from="992712231#2" to="72881199#0"/>
    <trip id="veh77" type="veh_passenger" depart="660.51" departLane="best" from="73037234#1" to="73032196#0"/>
    <trip id="veh78" type="veh_passenger" depart="669.09" departLane="best" from="1180132072#0" to="-73030447#0"/>
    <trip id="veh79" type="veh_passenger" depart="677.67" departLane="best" from="-73032196#1" to="692013725"/>
    <trip id="veh80" type="veh_passenger" depart="686.25" departLane="best" departSpeed="max" from="1150075890" to="1124062596#4"/>
    <trip id="veh81" type="veh_passenger" depart="694.82" departLane="best" from="73036341#1" to="-788838090"/>
    <trip id="veh83" type="veh_passenger" depart="711.98" departLane="best" from="-701001725" to="73032858#3"/>
    <trip id="veh84" type="veh_passenger" depart="720.56" departLane="best" from="1258637588#0" to="439786102#1"/>
    <trip id="veh85" type="veh_passenger" depart="729.14" departLane="best" from="-125337459" to="1334174911#0"/>
    <trip id="veh86" type="veh_passenger" depart="737.71" departLane="best" from="-1190293917" to="73030423#3"/>
    <trip id="veh87" type="veh_passenger" depart="746.29" departLane="best" from="72878023#0" to="-73032858#1"/>
    <trip id="veh88" type="veh_passenger" depart="754.87" departLane="best" from="1334174227#2" to="-73030423#2"/>
    <trip id="veh89" type="veh_passenger" depart="763.45" departLane="best" from="1285481594#1" to="202565742#1"/>
    <trip id="veh90" type="veh_passenger" depart="772.03" departLane="best" from="-73030702#2" to="-255387123#0"/>
    <trip id="veh91" type="veh_passenger" depart="780.60" departLane="best" from="73030702#6" to="-73031456#0"/>
    <trip id="veh92" type="veh_passenger" depart="789.18" departLane="best" from="1285481594#1" to="-181613191#1"/>
    <trip id="veh93" type="veh_passenger" depart="797.76" departLane="best" from="1124062595#8" to="1334174911#0"/>
    <trip id="veh94" type="veh_passenger" depart="806.34" departLane="best" from="1237198320#2" to="73032198#1"/>
    <trip id="veh95" type="veh_passenger" depart="814.92" departLane="best" from="-73030425#0" to="-255387132"/>
    <trip id="veh96" type="veh_passenger" depart="823.49" departLane="best" from="73030702#3" to="1124062595#2"/>
    <trip id="veh98" type="veh_passenger" depart="840.65" departLane="best" from="-992712231#1" to="439786102#1"/>
    <trip id="veh99" type="veh_passenger" depart="849.23" departLane="best" from="-1331598596" to="1188585297#1"/>
    <trip id="veh100" type="veh_passenger" depart="857.81" departLane="best" from="-1331598596" to="-73030447#0"/>
    <trip id="veh101" type="veh_passenger" depart="866.39" departLane="best" from="73030702#2" to="73030447#1"/>
    <trip id="veh102" type="veh_passenger" depart="874.96" departLane="best" from="1124062589#1" to="-72878713"/>
    <trip id="veh103" type="veh_passenger" depart="883.54" departLane="best" from="73030423#1" to="235882320#2"/>
    <trip id="veh104" type="veh_passenger" depart="892.12" departLane="best" from="1303419084" to="1063794428#0"/>
    <trip id="veh106" type="veh_passenger" depart="909.28" departLane="best" from="72879992#1" to="-73037236"/>
    <trip id="veh107" type="veh_passenger" depart="917.85" departLane="best" from="181613157#2" to="73032198#2"/>
    <trip id="veh109" type="veh_passenger" depart="935.01" departLane="best" from="-183255903" to="1282468088#3"/>
    <trip id="veh110" type="veh_passenger" depart="943.59" departLane="best" from="-73032198#1" to="151829684#1"/>
    <trip id="veh111" type="veh_passenger" depart="952.17" departLane="best" from="22857783" to="73030425#2"/>
    <trip id="veh112" type="veh_passenger" depart="960.74" departLane="best" from="1334174911#0" to="73032198#0"/>
    <trip id="veh113" type="veh_passenger" depart="969.32" departLane="best" from="1180132072#2" to="73030702#6"/>
    <trip id="veh114" type="veh_passenger" depart="977.90" departLane="best" from="73030424#1" to="181613174"/>
    <trip id="veh115" type="veh_passenger" depart="986.48" departLane="best" from="1124062589#0" to="439786102#2"/>
    <trip id="veh116" type="veh_passenger" depart="995.06" departLane="best" from="1334174911#1" to="73032196#2"/>
    <trip id="veh117" type="veh_passenger" depart="1003.63" departLane="best" from="-438525559#0" to="1282468088#2"/>
    <trip id="veh118" type="veh_passenger" depart="1012.21" departLane="best" from="1334174227#0" to="73030447#3"/>
    <trip id="veh119" type="veh_passenger" depart="1020.79" departLane="best" from="73031456#1" to="1282468088#0-AddedOnRampEdge"/>
    <trip id="veh120" type="veh_passenger" depart="1029.37" departLane="best" from="73030423#2" to="1334174226#0"/>
    <trip id="veh123" type="veh_passenger" depart="1055.10" departLane="best" from="72878025#1" to="73030424#1"/>
    <trip id="veh124" type="veh_passenger" depart="1063.68" departLane="best" from="-73031453#0" to="183248165#1"/>
    <trip id="veh125" type="veh_passenger" depart="1072.26" departLane="best" from="692013725" to="73030447#3"/>
    <trip id="veh126" type="veh_passenger" depart="1080.84" departLane="best" from="1124062595#3" to="-181613191#1"/>
    <trip id="veh127" type="veh_passenger" depart="1089.41" departLane="best" from="-701001725" to="73032196#1"/>
    <trip id="veh128" type="veh_passenger" depart="1097.99" departLane="best" from="73030447#1" to="73036341#4"/>
    <trip id="veh129" type="veh_passenger" depart="1106.57" departLane="best" from="-72879142" to="73030447#2"/>
    <trip id="veh130" type="veh_passenger" depart="1115.15" departLane="best" from="-1124062593#1" to="439786086#2"/>
    <trip id="veh131" type="veh_passenger" depart="1123.73" departLane="best" from="1092139662#1" to="73032196#2"/>
    <trip id="veh132" type="veh_passenger" depart="1132.31" departLane="best" from="72878025#4" to="73030425#0"/>
    <trip id="veh133" type="veh_passenger" depart="1140.88" departLane="best" from="-72879142" to="-73032198#1"/>
    <trip id="veh134" type="veh_passenger" depart="1149.46" departLane="best" from="72878023#0" to="183688259"/>
    <trip id="veh135" type="veh_passenger" depart="1158.04" departLane="best" from="-73030447#2" to="72878889"/>
    <trip id="veh136" type="veh_passenger" depart="1166.62" departLane="best" departSpeed="max" from="1150075890" to="-788838090"/>
    <trip id="veh137" type="veh_passenger" depart="1175.20" departLane="best" from="1124062593#1" to="-73030423#5"/>
    <trip id="veh138" type="veh_passenger" depart="1183.77" departLane="best" from="1063794428#3" to="73030425#0"/>
    <trip id="veh139" type="veh_passenger" depart="1192.35" departLane="best" departSpeed="max" from="151829684#0" to="1124062595#4"/>
    <trip id="veh140" type="veh_passenger" depart="1200.93" departLane="best" departSpeed="max" from="73037905#0" to="1267442521#3"/>
    <trip id="veh141" type="veh_passenger" depart="1209.51" departLane="best" from="73032691" to="22857230"/>
    <trip id="veh142" type="veh_passenger" depart="1218.09" departLane="best" from="73037236" to="72881199#2"/>
    <trip id="veh143" type="veh_passenger" depart="1226.66" departLane="best" from="73036341#2" to="73032198#0"/>
    <trip id="veh144" type="veh_passenger" depart="1235.24" departLane="best" from="-377007955" to="1063794428#0"/>
    <trip id="veh145" type="veh_passenger" depart="1243.82" departLane="best" from="-1303417314" to="1258637589#0"/>
    <trip id="veh146" type="veh_passenger" depart="1252.40" departLane="best" from="1124062592" to="1330597146"/>
    <trip id="veh147" type="veh_passenger" depart="1260.98" departLane="best" from="-73031456#1" to="255387123#0"/>
    <trip id="veh148" type="veh_passenger" depart="1269.55" departLane="best" from="-1123427073" to="73032194#1"/>
    <trip id="veh150" type="veh_passenger" depart="1286.71" departLane="best" from="-438525559#1" to="202565713#3"/>
    <trip id="veh151" type="veh_passenger" depart="1295.29" departLane="best" from="1123427093" to="-1331598596"/>
    <trip id="veh152" type="veh_passenger" depart="1303.87" departLane="best" from="-992712231#0" to="73030423#1"/>
    <trip id="veh155" type="veh_passenger" depart="1329.60" departLane="best" from="72878025#0" to="73032858#3"/>
    <trip id="veh156" type="veh_passenger" depart="1338.18" departLane="best" from="255387132" to="1124062596#3"/>
    <trip id="veh157" type="veh_passenger" depart="1346.76" departLane="best" from="73032692" to="202565742#1"/>
    <trip id="veh158" type="veh_passenger" depart="1355.34" departLane="best" from="73031456#0" to="181613174"/>
    <trip id="veh159" type="veh_passenger" depart="1363.91" departLane="best" from="-73032858#2" to="1282468088#0-AddedOnRampEdge"/>
    <trip id="veh160" type="veh_passenger" depart="1372.49" departLane="best" from="-1123427073" to="-73032857#0"/>
    <trip id="veh161" type="veh_passenger" depart="1381.07" departLane="best" from="1124062596#3" to="1331598596"/>
    <trip id="veh163" type="veh_passenger" depart="1398.23" departLane="best" from="1142049707#1" to="-73030447#0"/>
    <trip id="veh164" type="veh_passenger" depart="1406.80" departLane="best" from="1152890692#0" to="73030702#5"/>
    <trip id="veh165" type="veh_passenger" depart="1415.38" departLane="best" from="72878025#1" to="-72879992#1"/>
    <trip id="veh166" type="veh_passenger" depart="1423.96" departLane="best" from="-1334175212" to="1258637589#1"/>
    <trip id="veh167" type="veh_passenger" depart="1432.54" departLane="best" from="1334174313#0" to="1142049707#0"/>
    <trip id="veh168" type="veh_passenger" depart="1441.12" departLane="best" from="72879992#2" to="439786102#1"/>
    <trip id="veh169" type="veh_passenger" depart="1449.69" departLane="best" departSpeed="max" from="181613189" to="73030447#6"/>
    <trip id="veh170" type="veh_passenger" depart="1458.27" departLane="best" from="-73030702#6" to="1192304342"/>
    <trip id="veh171" type="veh_passenger" depart="1466.85" departLane="best" from="73030425#0" to="-1334174227#0"/>
    <trip id="veh172" type="veh_passenger" depart="1475.43" departLane="best" from="1124062595#6" to="183255903"/>
    <trip id="veh173" type="veh_passenger" depart="1484.01" departLane="best" from="1188585297#1" to="-73031453#0"/>
    <trip id="veh175" type="veh_passenger" depart="1501.16" departLane="best" from="-183255903" to="1142049707#0"/>
    <trip id="veh176" type="veh_passenger" depart="1509.74" departLane="best" from="1334174911#1" to="73032857#1"/>
    <trip id="veh177" type="veh_passenger" depart="1518.32" departLane="best" from="1237198320#0" to="1214705780"/>
    <trip id="veh178" type="veh_passenger" depart="1526.90" departLane="best" from="-73031453#0" to="73030423#1"/>
    <trip id="veh179" type="veh_passenger" depart="1535.47" departLane="best" departSpeed="max" from="1150075890" to="73036341#4"/>
    <trip id="veh180" type="veh_passenger" depart="1544.05" departLane="best" departSpeed="max" from="181613189" to="1063794428#0"/>
    <trip id="veh181" type="veh_passenger" depart="1552.63" departLane="best" from="73030702#6" to="181613157#2"/>
    <trip id="veh182" type="veh_passenger" depart="1561.21" departLane="best" from="73030423#0" to="1282468088#0-AddedOnRampEdge"/>
    <trip id="veh183" type="veh_passenger" depart="1569.79" departLane="best" from="-73031453#0" to="439786102#0"/>
    <trip id="veh184" type="veh_passenger" depart="1578.36" departLane="best" from="1152890692#1" to="-73032196#1"/>
    <trip id="veh185" type="veh_passenger" depart="1586.94" departLane="best" from="-73030704#0" to="202565682#1"/>
    <trip id="veh187" type="veh_passenger" depart="1604.10" departLane="best" from="1334174227#2" to="-73032200#0"/>
    <trip id="veh188" type="veh_passenger" depart="1612.68" departLane="best" from="1334174227#1" to="-73032692"/>
    <trip id="veh189" type="veh_passenger" depart="1621.26" departLane="best" from="-73032198#0" to="1063794428#2"/>
    <trip id="veh190" type="veh_passenger" depart="1629.83" departLane="best" from="1258637582#2" to="438525559#1"/>
    <trip id="veh191" type="veh_passenger" depart="1638.41" departLane="best" from="73030700" to="235882320#1"/>
    <trip id="veh192" type="veh_passenger" depart="1646.99" departLane="best" from="1124062595#3" to="1282468086"/>
    <trip id="veh193" type="veh_passenger" depart="1655.57" departLane="best" from="1124062595#7" to="73030425#3"/>
    <trip id="veh194" type="veh_passenger" depart="1664.15" departLane="best" from="1124062595#9" to="73030702#6"/>
    <trip id="veh195" type="veh_passenger" depart="1672.72" departLane="best" from="73030425#3" to="439786102#2"/>
    <trip id="veh196" type="veh_passenger" depart="1681.30" departLane="best" from="1092139662#6" to="439786102#2"/>
    <trip id="veh197" type="veh_passenger" depart="1689.88" departLane="best" from="73030425#2" to="73032692"/>
    <trip id="veh198" type="veh_passenger" depart="1698.46" departLane="best" from="1124062595#8" to="439786102#0"/>
    <trip id="veh199" type="veh_passenger" depart="1707.04" departLane="best" from="1258637589#0" to="1334175212"/>
    <trip id="veh200" type="veh_passenger" depart="1715.61" departLane="best" from="1092139662#3" to="1124062594#1"/>
    <trip id="veh201" type="veh_passenger" depart="1724.19" departLane="best" from="1092139662#2" to="214785853#0"/>
    <trip id="veh202" type="veh_passenger" depart="1732.77" departLane="best" from="1124062595#2" to="-72879991"/>
    <trip id="veh203" type="veh_passenger" depart="1741.35" departLane="best" departSpeed="max" from="1150075890" to="255387123#2"/>
    <trip id="veh204" type="veh_passenger" depart="1749.93" departLane="best" from="1334174227#0" to="-1124062594#0"/>
    <trip id="veh205" type="veh_passenger" depart="1758.50" departLane="best" from="-1124062594#0" to="202565682#1"/>
    <trip id="veh207" type="veh_passenger" depart="1775.66" departLane="best" from="-1192304342" to="1124062593#0"/>
    <trip id="veh208" type="veh_passenger" depart="1784.24" departLane="best" from="-73030425#3" to="1092139662#2"/>
    <trip id="veh210" type="veh_passenger" depart="1801.39" departLane="best" from="439786086#2" to="72879992#1"/>
    <trip id="veh211" type="veh_passenger" depart="1809.97" departLane="best" from="73031456#0" to="-1334175212"/>
    <trip id="veh212" type="veh_passenger" depart="1818.55" departLane="best" from="1124062592" to="1267442521#3"/>
    <trip id="veh213" type="veh_passenger" depart="1827.13" departLane="best" departSpeed="max" from="151829684#0" to="49552654#1"/>
    <trip id="veh214" type="veh_passenger" depart="1835.71" departLane="best" departSpeed="max" from="151829684#0" to="439786102#2"/>
    <trip id="veh215" type="veh_passenger" depart="1844.29" departLane="best" from="73032858#2" to="-73030425#0"/>
    <trip id="veh216" type="veh_passenger" depart="1852.86" departLane="best" from="1124062592" to="-701001725"/>
    <trip id="veh217" type="veh_passenger" depart="1861.44" departLane="best" from="-255387123#1" to="202565713#3"/>
    <trip id="veh218" type="veh_passenger" depart="1870.02" departLane="best" from="1267442521#1" to="-73030447#2"/>
    <trip id="veh219" type="veh_passenger" depart="1878.60" departLane="best" from="202565713#1" to="439786102#2"/>
    <trip id="veh221" type="veh_passenger" depart="1895.75" departLane="best" from="72879992#2" to="73032858#3"/>
    <trip id="veh222" type="veh_passenger" depart="1904.33" departLane="best" from="-183255903" to="1124062594#0"/>
    <trip id="veh223" type="veh_passenger" depart="1912.91" departLane="best" from="788838090" to="202565742#1"/>
    <trip id="veh224" type="veh_passenger" depart="1921.49" departLane="best" from="72878025#3" to="1124062595#3"/>
    <trip id="veh225" type="veh_passenger" depart="1930.07" departLane="best" from="992712231#2" to="-1334174227#1"/>
    <trip id="veh226" type="veh_passenger" depart="1938.64" departLane="best" from="-183248165#0" to="439786102#2"/>
    <trip id="veh227" type="veh_passenger" depart="1947.22" departLane="best" from="73030425#1" to="-72879992#2"/>
    <trip id="veh228" type="veh_passenger" depart="1955.80" departLane="best" from="22857381#0" to="73037236"/>
    <trip id="veh229" type="veh_passenger" depart="1964.38" departLane="best" from="701001725" to="1123427073"/>
    <trip id="veh230" type="veh_passenger" depart="1972.96" departLane="best" from="1124062596#2" to="1124062590#4"/>
    <trip id="veh231" type="veh_passenger" depart="1981.53" departLane="best" from="73030425#0" to="72878889"/>
    <trip id="veh232" type="veh_passenger" depart="1990.11" departLane="best" from="-183248165#1" to="-73032858#1"/>
    <trip id="veh233" type="veh_passenger" depart="1998.69" departLane="best" from="1334174911#0" to="-72879991"/>
    <trip id="veh234" type="veh_passenger" depart="2007.27" departLane="best" from="-214785853#0" to="1142049707#2"/>
    <trip id="veh236" type="veh_passenger" depart="2024.42" departLane="best" from="-73032198#0" to="72878025#4"/>
    <trip id="veh237" type="veh_passenger" depart="2033.00" departLane="best" from="1258637582#1" to="1123427076#1"/>
    <trip id="veh238" type="veh_passenger" depart="2041.58" departLane="best" from="-73032196#2" to="73030423#3"/>
    <trip id="veh239" type="veh_passenger" depart="2050.16" departLane="best" from="73030423#0" to="-181613157#1"/>
    <trip id="veh240" type="veh_passenger" depart="2058.74" departLane="best" from="73030702#2" to="-73031453#0"/>
    <trip id="veh241" type="veh_passenger" depart="2067.31" departLane="best" departSpeed="max" from="1150075890" to="181613157#0"/>
    <trip id="veh242" type="veh_passenger" depart="2075.89" departLane="best" from="1124062590#4" to="-1124062594#1"/>
    <trip id="veh243" type="veh_passenger" depart="2084.47" departLane="best" from="-73030425#1" to="-73030423#0"/>
    <trip id="veh244" type="veh_passenger" depart="2093.05" departLane="best" from="-73030425#4" to="72878025#1"/>
    <trip id="veh245" type="veh_passenger" depart="2101.63" departLane="best" from="1092139662#3" to="73030447#1"/>
    <trip id="veh246" type="veh_passenger" depart="2110.21" departLane="best" from="202565742#1" to="-73032200#1"/>
    <trip id="veh247" type="veh_passenger" depart="2118.78" departLane="best" from="-1124062590#3" to="73032689#0"/>
    <trip id="veh248" type="veh_passenger" depart="2127.36" departLane="best" from="1180132072#2" to="439786102#2"/>
    <trip id="veh249" type="veh_passenger" depart="2135.94" departLane="best" from="-183255903" to="202565682#1"/>
    <trip id="veh250" type="veh_passenger" depart="2144.52" departLane="best" from="1188585297#1" to="72878025#0"/>
    <trip id="veh251" type="veh_passenger" depart="2153.10" departLane="best" from="-181613174" to="73030447#5"/>
    <trip id="veh252" type="veh_passenger" depart="2161.67" departLane="best" from="-183688259" to="-788838090"/>
    <trip id="veh253" type="veh_passenger" depart="2170.25" departLane="best" from="1258637581#1" to="1142049707#0"/>
    <trip id="veh254" type="veh_passenger" depart="2178.83" departLane="best" from="438525562" to="1092139662#2"/>
    <trip id="veh255" type="veh_passenger" depart="2187.41" departLane="best" from="202565742#1" to="-73032198#3"/>
    <trip id="veh256" type="veh_passenger" depart="2195.99" departLane="best" from="73031456#0" to="-255387123#0"/>
    <trip id="veh257" type="veh_passenger" depart="2204.56" departLane="best" from="-73030423#3" to="-255387123#0"/>
    <trip id="veh258" type="veh_passenger" depart="2213.14" departLane="best" from="1258637582#0" to="439786102#2"/>
    <trip id="veh259" type="veh_passenger" depart="2221.72" departLane="best" from="73030423#0" to="-73030447#2"/>
    <trip id="veh260" type="veh_passenger" depart="2230.30" departLane="best" from="1180132072#0" to="438525559#0"/>
    <trip id="veh261" type="veh_passenger" depart="2238.88" departLane="best" departSpeed="max" from="73037905#0" to="1267442521#0"/>
    <trip id="veh262" type="veh_passenger" depart="2247.45" departLane="best" from="-73032200#1" to="183248165#0"/>
    <trip id="veh263" type="veh_passenger" depart="2256.03" departLane="best" from="73030423#4" to="-73030702#1"/>
    <trip id="veh264" type="veh_passenger" depart="2264.61" departLane="best" from="-72881199#0" to="1124062591#0"/>
    <trip id="veh265" type="veh_passenger" depart="2273.19" departLane="best" from="-1124062590#1" to="-73032200#0"/>
    <trip id="veh266" type="veh_passenger" depart="2281.77" departLane="best" departSpeed="max" from="73037905#0" to="1282468088#3"/>
    <trip id="veh267" type="veh_passenger" depart="2290.34" departLane="best" from="202565713#0" to="255387123#2"/>
    <trip id="veh268" type="veh_passenger" depart="2298.92" departLane="best" from="73030447#2" to="1123427076#0"/>
    <trip id="veh269" type="veh_passenger" depart="2307.50" departLane="best" from="73030447#5" to="1303418441"/>
    <trip id="veh270" type="veh_passenger" depart="2316.08" departLane="best" departSpeed="max" from="1150075890" to="1152890692#0"/>
    <trip id="veh271" type="veh_passenger" depart="2324.66" departLane="best" from="73030423#0" to="1214705780"/>
    <trip id="veh272" type="veh_passenger" depart="2333.24" departLane="best" from="73032692" to="1237198318"/>
    <trip id="veh273" type="veh_passenger" depart="2341.81" departLane="best" from="-72881199#0" to="1124062595#4"/>
    <trip id="veh274" type="veh_passenger" depart="2350.39" departLane="best" from="1334174227#0" to="183255903"/>
    <trip id="veh275" type="veh_passenger" depart="2358.97" departLane="best" from="-1237198319" to="-692013725"/>
    <trip id="veh278" type="veh_passenger" depart="2384.70" departLane="best" from="72878025#0" to="-73030700"/>
    <trip id="veh279" type="veh_passenger" depart="2393.28" departLane="best" from="1237198320#2" to="1180132072#0"/>
    <trip id="veh282" type="veh_passenger" depart="2419.02" departLane="best" from="1334174226#1" to="181613157#0"/>
    <trip id="veh283" type="veh_passenger" depart="2427.59" departLane="best" from="-438525559#0" to="73032689#0"/>
    <trip id="veh284" type="veh_passenger" depart="2436.17" departLane="best" from="181613157#1" to="-72878693"/>
    <trip id="veh285" type="veh_passenger" depart="2444.75" departLane="best" from="1285481594#0" to="-73032858#1"/>
    <trip id="veh286" type="veh_passenger" depart="2453.33" departLane="best" from="73030700" to="235882320#2"/>
    <trip id="veh287" type="veh_passenger" depart="2461.91" departLane="best" from="202565742#1" to="1180132072#1"/>
    <trip id="veh288" type="veh_passenger" depart="2470.48" departLane="best" from="-183248165#1" to="73032194#1"/>
    <trip id="veh289" type="veh_passenger" depart="2479.06" departLane="best" from="72878023#0" to="183248165#0"/>
    <trip id="veh290" type="veh_passenger" depart="2487.64" departLane="best" from="181613157#1" to="73032198#0"/>
    <trip id="veh291" type="veh_passenger" depart="2496.22" departLane="best" departSpeed="max" from="151829684#0" to="73030704#1"/>
    <trip id="veh292" type="veh_passenger" depart="2504.80" departLane="best" from="-72881199#2" to="-1331598596"/>
    <trip id="veh293" type="veh_passenger" depart="2513.37" departLane="best" from="-72879144" to="-992712231#2"/>
    <trip id="veh294" type="veh_passenger" depart="2521.95" departLane="best" from="439786086#0" to="1303395851"/>
    <trip id="veh295" type="veh_passenger" depart="2530.53" departLane="best" from="-73032691" to="-255387132"/>
    <trip id="veh296" type="veh_passenger" depart="2539.11" departLane="best" from="-183248165#1" to="235882320#2"/>
    <trip id="veh297" type="veh_passenger" depart="2547.69" departLane="best" from="1188585297#1" to="-1334174227#3"/>
    <trip id="veh298" type="veh_passenger" depart="2556.26" departLane="best" from="-1124062590#2" to="1142049707#1"/>
    <trip id="veh299" type="veh_passenger" depart="2564.84" departLane="best" from="1063794428#0" to="73031456#2"/>
    <trip id="veh300" type="veh_passenger" depart="2573.42" departLane="best" from="-181613165" to="73032858#2"/>
    <trip id="veh301" type="veh_passenger" depart="2582.00" departLane="best" from="-73030423#2" to="1303419084"/>
    <trip id="veh302" type="veh_passenger" depart="2590.58" departLane="best" from="73032858#2" to="22857444"/>
    <trip id="veh303" type="veh_passenger" depart="2599.16" departLane="best" departSpeed="max" from="181613189" to="-73032198#2"/>
    <trip id="veh304" type="veh_passenger" depart="2607.73" departLane="best" from="-1124062590#2" to="439786102#2"/>
    <trip id="veh305" type="veh_passenger" depart="2616.31" departLane="best" from="1152890692#0" to="202565682#1"/>
    <trip id="veh306" type="veh_passenger" depart="2624.89" departLane="best" from="73032196#1" to="-73030423#0"/>
    <trip id="veh307" type="veh_passenger" depart="2633.47" departLane="best" from="1282468088#2" to="202565682#1"/>
    <trip id="veh308" type="veh_passenger" depart="2642.05" departLane="best" from="1188585297#1" to="181613174"/>
    <trip id="veh309" type="veh_passenger" depart="2650.62" departLane="best" departSpeed="max" from="181613189" to="73030423#5"/>
    <trip id="veh310" type="veh_passenger" depart="2659.20" departLane="best" from="1092139662#1" to="235882320#0"/>
    <trip id="veh311" type="veh_passenger" depart="2667.78" departLane="best" from="72879992#0" to="1282468088#2"/>
    <trip id="veh312" type="veh_passenger" depart="2676.36" departLane="best" departSpeed="max" from="1150075890" to="1063794428#0"/>
    <trip id="veh313" type="veh_passenger" depart="2684.94" departLane="best" from="788752293#1" to="202565713#0"/>
    <trip id="veh314" type="veh_passenger" depart="2693.51" departLane="best" from="73030423#1" to="1124062589#1"/>
    <trip id="veh315" type="veh_passenger" depart="2702.09" departLane="best" from="439786086#3" to="73030425#2"/>
    <trip id="veh316" type="veh_passenger" depart="2710.67" departLane="best" from="1258637589#1" to="73032196#0"/>
    <trip id="veh317" type="veh_passenger" depart="2719.25" departLane="best" from="1142049707#1" to="235882320#2"/>
    <trip id="veh318" type="veh_passenger" depart="2727.83" departLane="best" from="22857381#0" to="72878025#3"/>
    <trip id="veh319" type="veh_passenger" depart="2736.40" departLane="best" from="1303418441" to="-73030702#6"/>
    <trip id="veh320" type="veh_passenger" depart="2744.98" departLane="best" from="72878023#0" to="1282468088#2"/>
    <trip id="veh321" type="veh_passenger" depart="2753.56" departLane="best" from="1267442507" to="-181613191#0"/>
    <trip id="veh322" type="veh_passenger" depart="2762.14" departLane="best" from="788838089" to="73031453#1"/>
    <trip id="veh323" type="veh_passenger" depart="2770.72" departLane="best" departSpeed="max" from="1150075890" to="-22857381#1"/>
    <trip id="veh324" type="veh_passenger" depart="2779.29" departLane="best" from="73030423#1" to="1258637581#2"/>
    <trip id="veh325" type="veh_passenger" depart="2787.87" departLane="best" from="22857783" to="1258637582#1"/>
    <trip id="veh326" type="veh_passenger" depart="2796.45" departLane="best" from="-73032198#1" to="1334174226#0"/>
    <trip id="veh327" type="veh_passenger" depart="2805.03" departLane="best" from="73032198#1" to="1258637588#0"/>
    <trip id="veh328" type="veh_passenger" depart="2813.61" departLane="best" from="73030702#1" to="73030425#0"/>
    <trip id="veh329" type="veh_passenger" depart="2822.19" departLane="best" from="-73032198#2" to="72878021#1"/>
    <trip id="veh330" type="veh_passenger" depart="2830.76" departLane="best" from="1192304342" to="72878889"/>
    <trip id="veh331" type="veh_passenger" depart="2839.34" departLane="best" from="1282468088#2" to="22857444"/>
    <trip id="veh332" type="veh_passenger" depart="2847.92" departLane="best" from="1180132072#2" to="-474538040#1"/>
    <trip id="veh333" type="veh_passenger" depart="2856.50" departLane="best" from="1258637582#1" to="1123427076#1"/>
    <trip id="veh334" type="veh_passenger" depart="2865.08" departLane="best" from="1267442507" to="1282468088#0"/>
    <trip id="veh335" type="veh_passenger" depart="2873.65" departLane="best" departSpeed="max" from="1150075890" to="1063794428#3"/>
    <trip id="veh336" type="veh_passenger" depart="2882.23" departLane="best" from="73030423#1" to="235882320#2"/>
    <trip id="veh337" type="veh_passenger" depart="2890.81" departLane="best" from="1267442521#3" to="73030702#3"/>
    <trip id="veh338" type="veh_passenger" depart="2899.39" departLane="best" from="49552654#1" to="1190293917"/>
    <trip id="veh339" type="veh_passenger" depart="2907.97" departLane="best" from="72879991" to="1124062594#1"/>
    <trip id="veh340" type="veh_passenger" depart="2916.54" departLane="best" from="-181613174" to="72878889"/>
    <trip id="veh341" type="veh_passenger" depart="2925.12" departLane="best" departSpeed="max" from="73037905#0" to="1282468088#3"/>
    <trip id="veh342" type="veh_passenger" depart="2933.70" departLane="best" from="-1285481593" to="73030425#3"/>
    <trip id="veh343" type="veh_passenger" depart="2942.28" departLane="best" from="73030447#6" to="1152890692#0"/>
    <trip id="veh344" type="veh_passenger" depart="2950.86" departLane="best" from="-125337459" to="1124062590#2"/>
    <trip id="veh345" type="veh_passenger" depart="2959.43" departLane="best" from="235882320#1" to="1124062595#9"/>
    <trip id="veh347" type="veh_passenger" depart="2976.59" departLane="best" departSpeed="max" from="1150075890" to="73036341#1"/>
    <trip id="veh348" type="veh_passenger" depart="2985.17" departLane="best" from="1092139662#2" to="235882320#0"/>
    <trip id="veh349" type="veh_passenger" depart="2993.75" departLane="best" departSpeed="max" from="151829684#0" to="73030423#3"/>
    <trip id="veh350" type="veh_passenger" depart="3002.32" departLane="best" from="73030425#1" to="73030424#0"/>
    <trip id="veh351" type="veh_passenger" depart="3010.90" departLane="best" from="1124062590#4" to="1063794428#1"/>
    <trip id="veh352" type="veh_passenger" depart="3019.48" departLane="best" from="22857783" to="439786102#2"/>
    <trip id="veh353" type="veh_passenger" depart="3028.06" departLane="best" from="73030447#5" to="-1180132072#0"/>
    <trip id="veh354" type="veh_passenger" depart="3036.64" departLane="best" from="-1303419084" to="183688259"/>
    <trip id="veh355" type="veh_passenger" depart="3045.22" departLane="best" from="73032198#0" to="992712231#1"/>
    <trip id="veh356" type="veh_passenger" depart="3053.79" departLane="best" from="439786086#0" to="1142049707#2"/>
    <trip id="veh357" type="veh_passenger" depart="3062.37" departLane="best" from="73030447#5" to="1152890692#1"/>
    <trip id="veh358" type="veh_passenger" depart="3070.95" departLane="best" from="202565713#0" to="73030702#6"/>
    <trip id="veh359" type="veh_passenger" depart="3079.53" departLane="best" from="-1190293917" to="72878025#0"/>
    <trip id="veh360" type="veh_passenger" depart="3088.11" departLane="best" from="-73032857#0" to="1124062591#1"/>
    <trip id="veh361" type="veh_passenger" depart="3096.68" departLane="best" from="-438775869" to="1267442521#1"/>
    <trip id="veh362" type="veh_passenger" depart="3105.26" departLane="best" from="1267442521#1" to="-72878023#0"/>
    <trip id="veh363" type="veh_passenger" depart="3113.84" departLane="best" from="72879991" to="-1334174227#3"/>
    <trip id="veh364" type="veh_passenger" depart="3122.42" departLane="best" from="73030447#3" to="-181613191#1"/>
    <trip id="veh365" type="veh_passenger" depart="3131.00" departLane="best" from="-73030702#4" to="73031453#1"/>
    <trip id="veh366" type="veh_passenger" depart="3139.57" departLane="best" from="-438525562" to="1188585297#1"/>
    <trip id="veh367" type="veh_passenger" depart="3148.15" departLane="best" from="-1124062590#3" to="72878025#3"/>
    <trip id="veh368" type="veh_passenger" depart="3156.73" departLane="best" from="73031456#0" to="202565742#1"/>
    <trip id="veh369" type="veh_passenger" depart="3165.31" departLane="best" from="72878023#0" to="1152890692#1"/>
    <trip id="veh370" type="veh_passenger" depart="3173.89" departLane="best" from="439786086#3" to="-1334174227#0"/>
    <trip id="veh371" type="veh_passenger" depart="3182.46" departLane="best" from="1334175212" to="1142049707#0"/>
    <trip id="veh372" type="veh_passenger" depart="3191.04" departLane="best" from="-73031453#0" to="73030423#0"/>
    <trip id="veh373" type="veh_passenger" depart="3199.62" departLane="best" from="-73030424#0" to="1124062594#0"/>
    <trip id="veh374" type="veh_passenger" depart="3208.20" departLane="best" from="-1175890758" to="73030702#5"/>
    <trip id="veh375" type="veh_passenger" depart="3216.78" departLane="best" from="1267442521#3" to="1303419084"/>
    <trip id="veh376" type="veh_passenger" depart="3225.35" departLane="best" from="788838089" to="73032858#3"/>
    <trip id="veh377" type="veh_passenger" depart="3233.93" departLane="best" from="-73032198#2" to="1285481595"/>
    <trip id="veh378" type="veh_passenger" depart="3242.51" departLane="best" from="-183248165#0" to="439786102#0"/>
    <trip id="veh380" type="veh_passenger" depart="3259.67" departLane="best" from="1188585297#2" to="73030702#6"/>
    <trip id="veh381" type="veh_passenger" depart="3268.24" departLane="best" from="-73032689#1" to="72878025#1"/>
    <trip id="veh382" type="veh_passenger" depart="3276.82" departLane="best" from="1334174911#1" to="-181613191#1"/>
    <trip id="veh383" type="veh_passenger" depart="3285.40" departLane="best" from="181613191#0" to="424037876"/>
    <trip id="veh384" type="veh_passenger" depart="3293.98" departLane="best" departSpeed="max" from="151829684#0" to="-992712231#1"/>
    <trip id="veh385" type="veh_passenger" depart="3302.56" departLane="best" from="1142049707#1" to="1331598596"/>
    <trip id="veh386" type="veh_passenger" depart="3311.14" departLane="best" from="-73032857#1" to="439786102#0"/>
    <trip id="veh388" type="veh_passenger" depart="3328.29" departLane="best" from="1258637582#2" to="72878025#3"/>
    <trip id="veh389" type="veh_passenger" depart="3336.87" departLane="best" from="73030423#0" to="73032196#0"/>
    <trip id="veh390" type="veh_passenger" depart="3345.45" departLane="best" from="72878693" to="439786102#0"/>
    <trip id="veh391" type="veh_passenger" depart="3354.03" departLane="best" from="1092139662#3" to="22857230"/>
    <trip id="veh392" type="veh_passenger" depart="3362.60" departLane="best" from="73036341#2" to="-438525562"/>
    <trip id="veh393" type="veh_passenger" depart="3371.18" departLane="best" from="73036341#4" to="73030424#0"/>
    <trip id="veh394" type="veh_passenger" depart="3379.76" departLane="best" from="255387123#0" to="73037234#1"/>
    <trip id="veh395" type="veh_passenger" depart="3388.34" departLane="best" from="1123427093" to="-72878023#0"/>
    <trip id="veh396" type="veh_passenger" depart="3396.92" departLane="best" from="-1124062591#0" to="1267442521#3"/>
    <trip id="veh397" type="veh_passenger" depart="3405.49" departLane="best" departSpeed="max" from="1150075890" to="202565713#3"/>
    <trip id="veh398" type="veh_passenger" depart="3414.07" departLane="best" departSpeed="max" from="181613189" to="1334174911#0"/>
    <trip id="veh399" type="veh_passenger" depart="3422.65" departLane="best" from="-72881199#0" to="73032198#3"/>
    <trip id="veh400" type="veh_passenger" depart="3431.23" departLane="best" from="-183688259" to="73030702#3"/>
    <trip id="veh401" type="veh_passenger" depart="3439.81" departLane="best" from="-1124062593#1" to="73030447#3"/>
    <trip id="veh402" type="veh_passenger" depart="3448.38" departLane="best" from="1267442521#0" to="-73031456#0"/>
    <trip id="veh403" type="veh_passenger" depart="3456.96" departLane="best" from="-73030447#2" to="1303417314"/>
    <trip id="veh404" type="veh_passenger" depart="3465.54" departLane="best" from="-72881199#1" to="73030704#1"/>
    <trip id="veh405" type="veh_passenger" depart="3474.12" departLane="best" from="-73032858#3" to="1124062595#8"/>
    <trip id="veh406" type="veh_passenger" depart="3482.70" departLane="best" from="-438525559#0" to="73032689#0"/>
    <trip id="veh407" type="veh_passenger" depart="3491.27" departLane="best" from="-73037236" to="125337459"/>
    <trip id="veh408" type="veh_passenger" depart="3499.85" departLane="best" from="181613191#1" to="73030447#5"/>
    <trip id="veh410" type="veh_passenger" depart="3517.01" departLane="best" departSpeed="max" from="181613189" to="439786086#3"/>
    <trip id="veh411" type="veh_passenger" depart="3525.59" departLane="best" from="73032857#1" to="1124062596#3"/>
    <trip id="veh412" type="veh_passenger" depart="3534.17" departLane="best" from="-438525559#1" to="-72878023#0"/>
    <trip id="veh413" type="veh_passenger" depart="3542.74" departLane="best" from="1124062595#7" to="183248164"/>
    <trip id="veh414" type="veh_passenger" depart="3551.32" departLane="best" from="1180132072#2" to="1124062595#8"/>
    <trip id="veh415" type="veh_passenger" depart="3559.90" departLane="best" from="73032858#2" to="1175890758"/>
    <trip id="veh416" type="veh_passenger" depart="3568.48" departLane="best" from="73032858#2" to="-73030423#4"/>
    <trip id="veh417" type="veh_passenger" depart="3577.06" departLane="best" from="-183248164" to="-22857381#1"/>
    <trip id="veh418" type="veh_passenger" depart="3585.63" departLane="best" from="1258637582#0" to="73036341#4"/>
    <trip id="veh419" type="veh_passenger" depart="3594.21" departLane="best" from="1123427075" to="1124062595#3"/>
    <trip id="veh420" type="veh_passenger" depart="3602.79" departLane="best" from="-73030423#2" to="255387123#1"/>
    <trip id="veh421" type="veh_passenger" depart="3611.37" departLane="best" from="73030425#0" to="1180132072#1"/>
    <trip id="veh422" type="veh_passenger" depart="3619.95" departLane="best" from="181613157#2" to="202565682#1"/>
    <trip id="veh423" type="veh_passenger" depart="3628.52" departLane="best" from="1285481594#2" to="1124062593#0"/>
    <trip id="veh424" type="veh_passenger" depart="3637.10" departLane="best" from="72878023#0" to="-73031453#0"/>
    <trip id="veh425" type="veh_passenger" depart="3645.68" departLane="best" from="-255387123#1" to="1285481594#3"/>
    <trip id="veh426" type="veh_passenger" depart="3654.26" departLane="best" from="-1303419084" to="439786102#2"/>
    <trip id="veh427" type="veh_passenger" depart="3662.84" departLane="best" from="-73030425#1" to="73030447#1"/>
    <trip id="veh428" type="veh_passenger" depart="3671.41" departLane="best" from="73030447#3" to="1092139662#2"/>
    <trip id="veh430" type="veh_passenger" depart="3688.57" departLane="best" from="1124062589#0" to="73030424#0"/>
    <trip id="veh432" type="veh_passenger" depart="3705.73" departLane="best" from="-73031453#0" to="72881199#0"/>
    <trip id="veh433" type="veh_passenger" depart="3714.30" departLane="best" from="181613157#1" to="1124062594#0"/>
    <trip id="veh434" type="veh_passenger" depart="3722.88" departLane="best" from="-1124062591#0" to="72878021#1"/>
    <trip id="veh435" type="veh_passenger" depart="3731.46" departLane="best" from="-73030702#3" to="1092139662#1"/>
    <trip id="veh436" type="veh_passenger" depart="3740.04" departLane="best" from="-72879992#1" to="1237198319"/>
    <trip id="veh437" type="veh_passenger" depart="3748.62" departLane="best" from="-438525559#0" to="1267442521#0"/>
    <trip id="veh438" type="veh_passenger" depart="3757.19" departLane="best" from="438525562" to="1214705780"/>
    <trip id="veh439" type="veh_passenger" depart="3765.77" departLane="best" from="49552654#2" to="1258637589#0"/>
    <trip id="veh440" type="veh_passenger" depart="3774.35" departLane="best" from="-183688259" to="1258637582#1"/>
    <trip id="veh441" type="veh_passenger" depart="3782.93" departLane="best" from="73032857#1" to="1190293917"/>
    <trip id="veh442" type="veh_passenger" depart="3791.51" departLane="best" from="701001725" to="73030425#1"/>
    <trip id="veh443" type="veh_passenger" depart="3800.09" departLane="best" from="1237198320#2" to="1188585297#1"/>
    <trip id="veh444" type="veh_passenger" depart="3808.66" departLane="best" from="73036341#4" to="-1303395851"/>
    <trip id="veh445" type="veh_passenger" depart="3817.24" departLane="best" from="1154189820#1" to="1124062595#5"/>
    <trip id="veh446" type="veh_passenger" depart="3825.82" departLane="best" from="-183248165#0" to="1123427076#0"/>
    <trip id="veh447" type="veh_passenger" depart="3834.40" departLane="best" from="1334174227#3" to="181613157#0"/>
    <trip id="veh448" type="veh_passenger" depart="3842.98" departLane="best" from="-1303417314" to="-73032200#1"/>
    <trip id="veh449" type="veh_passenger" depart="3851.55" departLane="best" from="72878021#1" to="1282468088#0-AddedOnRampEdge"/>
    <trip id="veh450" type="veh_passenger" depart="3860.13" departLane="best" from="1063794428#2" to="-788838090"/>
    <trip id="veh451" type="veh_passenger" depart="3868.71" departLane="best" from="1303395851" to="183248165#0"/>
    <trip id="veh452" type="veh_passenger" depart="3877.29" departLane="best" from="202565742#1" to="73030423#3"/>
    <trip id="veh453" type="veh_passenger" depart="3885.87" departLane="best" departSpeed="max" from="151829684#0" to="439786102#2"/>
    <trip id="veh454" type="veh_passenger" depart="3894.44" departLane="best" from="235882320#0" to="-73030447#1"/>
    <trip id="veh455" type="veh_passenger" depart="3903.02" departLane="best" departSpeed="max" from="1150075890" to="73030702#1"/>
    <trip id="veh456" type="veh_passenger" depart="3911.60" departLane="best" from="1092139662#3" to="1180132072#1"/>
    <trip id="veh457" type="veh_passenger" depart="3920.18" departLane="best" from="1124062595#7" to="-181613191#1"/>
    <trip id="veh458" type="veh_passenger" depart="3928.76" departLane="best" from="1124062596#2" to="202565713#3"/>
    <trip id="veh459" type="veh_passenger" depart="3937.33" departLane="best" from="-1124062590#2" to="-701001725"/>
    <trip id="veh460" type="veh_passenger" depart="3945.91" departLane="best" from="-73032198#1" to="-1303419084"/>
    <trip id="veh461" type="veh_passenger" depart="3954.49" departLane="best" from="73030423#0" to="-181613191#0"/>
    <trip id="veh462" type="veh_passenger" depart="3963.07" departLane="best" from="72879991" to="1285481594#0"/>
    <trip id="veh463" type="veh_passenger" depart="3971.65" departLane="best" from="1282468088#2" to="1285481594#2"/>
    <trip id="veh464" type="veh_passenger" depart="3980.22" departLane="best" from="1092139662#1" to="255387123#1"/>
    <trip id="veh465" type="veh_passenger" depart="3988.80" departLane="best" from="1123427072#0" to="202565713#3"/>
    <trip id="veh466" type="veh_passenger" depart="3997.38" departLane="best" from="439786086#0" to="73030425#2"/>
    <trip id="veh467" type="veh_passenger" depart="4005.96" departLane="best" from="235882320#0" to="73036341#1"/>
    <trip id="veh468" type="veh_passenger" depart="4014.54" departLane="best" from="1285481594#3" to="1123427076#0"/>
    <trip id="veh469" type="veh_passenger" depart="4023.12" departLane="best" from="1282468086" to="-73030447#0"/>
    <trip id="veh470" type="veh_passenger" depart="4031.69" departLane="best" from="-181613157#0" to="73030447#6"/>
    <trip id="veh471" type="veh_passenger" depart="4040.27" departLane="best" from="1124062589#0" to="439786102#2"/>
    <trip id="veh472" type="veh_passenger" depart="4048.85" departLane="best" from="1267442521#3" to="72878025#4"/>
    <trip id="veh473" type="veh_passenger" depart="4057.43" departLane="best" from="73030424#0" to="73036341#2"/>
    <trip id="veh474" type="veh_passenger" depart="4066.01" departLane="best" from="72879992#2" to="181613157#2"/>
    <trip id="veh475" type="veh_passenger" depart="4074.58" departLane="best" departSpeed="max" from="151829684#0" to="-1124062594#0"/>
    <trip id="veh476" type="veh_passenger" depart="4083.16" departLane="best" from="73032200#0" to="72879992#0"/>
    <trip id="veh477" type="veh_passenger" depart="4091.74" departLane="best" from="-73032196#2" to="73030423#0"/>
    <trip id="veh478" type="veh_passenger" depart="4100.32" departLane="best" from="202565742#1" to="-992712231#1"/>
    <trip id="veh479" type="veh_passenger" depart="4108.90" departLane="best" from="1092139662#3" to="1124062590#1"/>
    <trip id="veh480" type="veh_passenger" depart="4117.47" departLane="best" from="73030447#3" to="1285481595"/>
    <trip id="veh481" type="veh_passenger" depart="4126.05" departLane="best" from="1334174313#0" to="1175594875"/>
    <trip id="veh482" type="veh_passenger" depart="4134.63" departLane="best" from="438525562" to="-73030447#1"/>
    <trip id="veh483" type="veh_passenger" depart="4143.21" departLane="best" from="1124062595#9" to="1092139662#6"/>
    <trip id="veh484" type="veh_passenger" depart="4151.79" departLane="best" from="1124062589#1" to="424037876"/>
    <trip id="veh485" type="veh_passenger" depart="4160.36" departLane="best" from="49552654#2" to="1303395851"/>
    <trip id="veh486" type="veh_passenger" depart="4168.94" departLane="best" from="1334175212" to="1237198319"/>
    <trip id="veh487" type="veh_passenger" depart="4177.52" departLane="best" from="72878023#0" to="-181613191#0"/>
    <trip id="veh488" type="veh_passenger" depart="4186.10" departLane="best" departSpeed="max" from="181613189" to="-73032198#3"/>
    <trip id="veh489" type="veh_passenger" depart="4194.68" departLane="best" from="181613157#2" to="1237198320#1"/>
    <trip id="veh490" type="veh_passenger" depart="4203.25" departLane="best" from="1142049707#1" to="-73032200#0"/>
    <trip id="veh491" type="veh_passenger" depart="4211.83" departLane="best" from="1124062596#3" to="-73032691"/>
    <trip id="veh492" type="veh_passenger" depart="4220.41" departLane="best" from="181613191#0" to="1237198320#2"/>
    <trip id="veh494" type="veh_passenger" depart="4237.57" departLane="best" from="-73030425#3" to="438525559#0"/>
    <trip id="veh495" type="veh_passenger" depart="4246.14" departLane="best" from="-73031456#1" to="1092139662#2"/>
    <trip id="veh496" type="veh_passenger" depart="4254.72" departLane="best" from="-1124062590#2" to="439786102#0"/>
    <trip id="veh497" type="veh_passenger" depart="4263.30" departLane="best" from="202565742#1" to="1258637588#1"/>
    <trip id="veh498" type="veh_passenger" depart="4271.88" departLane="best" from="-73030423#1" to="72878025#3"/>
    <trip id="veh499" type="veh_passenger" depart="4280.46" departLane="best" from="-1331598596" to="73030424#1"/>
    <trip id="veh500" type="veh_passenger" depart="4289.04" departLane="best" from="-1189622123" to="-1124062592"/>
    <trip id="veh501" type="veh_passenger" depart="4297.61" departLane="best" from="-73032198#0" to="73030424#1"/>
    <trip id="veh502" type="veh_passenger" depart="4306.19" departLane="best" from="1267442521#3" to="1303418441"/>
    <trip id="veh503" type="veh_passenger" depart="4314.77" departLane="best" from="-214785853#1" to="1124062596#2"/>
    <trip id="veh504" type="veh_passenger" depart="4323.35" departLane="best" from="-214785853#0" to="1124062593#0"/>
    <trip id="veh505" type="veh_passenger" depart="4331.93" departLane="best" from="73032198#0" to="-181613165"/>
    <trip id="veh506" type="veh_passenger" depart="4340.50" departLane="best" from="1282468088#3" to="1267442521#0"/>
    <trip id="veh507" type="veh_passenger" depart="4349.08" departLane="best" from="1124062594#1" to="-992712231#1"/>
    <trip id="veh508" type="veh_passenger" depart="4357.66" departLane="best" from="-72879144" to="1258637588#1"/>
    <trip id="veh509" type="veh_passenger" depart="4366.24" departLane="best" from="-214785853#0" to="1258637588#1"/>
    <trip id="veh510" type="veh_passenger" depart="4374.82" departLane="best" from="73031456#2" to="1123427075"/>
    <trip id="veh511" type="veh_passenger" depart="4383.39" departLane="best" from="-255387123#1" to="72878889"/>
    <trip id="veh512" type="veh_passenger" depart="4391.97" departLane="best" from="72879992#0" to="73030702#4"/>
    <trip id="veh513" type="veh_passenger" depart="4400.55" departLane="best" from="-438775869" to="-73030424#1"/>
    <trip id="veh514" type="veh_passenger" depart="4409.13" departLane="best" from="-1285481595" to="439786102#2"/>
    <trip id="veh517" type="veh_passenger" depart="4434.86" departLane="best" departSpeed="max" from="1150075890" to="73032194#1"/>
    <trip id="veh518" type="veh_passenger" depart="4443.44" departLane="best" from="1267442521#1" to="202565682#1"/>
    <trip id="veh519" type="veh_passenger" depart="4452.02" departLane="best" from="1334174227#1" to="73030425#0"/>
    <trip id="veh520" type="veh_passenger" depart="4460.60" departLane="best" from="1334174227#2" to="-701001725"/>
    <trip id="veh521" type="veh_passenger" depart="4469.17" departLane="best" from="-1303419084" to="1152890692#1"/>
    <trip id="veh522" type="veh_passenger" depart="4477.75" departLane="best" from="-73032858#3" to="-73032200#0"/>
    <trip id="veh523" type="veh_passenger" depart="4486.33" departLane="best" from="-125337459" to="1258637582#1"/>
    <trip id="veh525" type="veh_passenger" depart="4503.49" departLane="best" from="-125337459" to="72879992#1"/>
    <trip id="veh526" type="veh_passenger" depart="4512.07" departLane="best" from="1334174227#1" to="73030425#0"/>
    <trip id="veh527" type="veh_passenger" depart="4520.64" departLane="best" from="73030425#3" to="181613174"/>
    <trip id="veh528" type="veh_passenger" depart="4529.22" departLane="best" from="1192304342" to="1188585297#2"/>
    <trip id="veh529" type="veh_passenger" depart="4537.80" departLane="best" from="1267442508" to="-72878023#0"/>
    <trip id="veh530" type="veh_passenger" depart="4546.38" departLane="best" from="73030704#1" to="1175890758"/>
    <trip id="veh531" type="veh_passenger" depart="4554.96" departLane="best" from="-72879142" to="202565682#1"/>
    <trip id="veh533" type="veh_passenger" depart="4572.11" departLane="best" from="-183248165#0" to="73030702#4"/>
    <trip id="veh534" type="veh_passenger" depart="4580.69" departLane="best" from="-1190293917" to="-72879992#2"/>
    <trip id="veh535" type="veh_passenger" depart="4589.27" departLane="best" from="-73030704#0" to="1152890692#0"/>
    <trip id="veh536" type="veh_passenger" depart="4597.85" departLane="best" from="1142049707#1" to="1267442521#0"/>
    <trip id="veh537" type="veh_passenger" depart="4606.42" departLane="best" from="72878023#0" to="1124062591#0"/>
    <trip id="veh538" type="veh_passenger" depart="4615.00" departLane="best" from="-73032200#1" to="1124062595#8"/>
    <trip id="veh539" type="veh_passenger" depart="4623.58" departLane="best" from="1092139662#2" to="1334174911#0"/>
    <trip id="veh540" type="veh_passenger" depart="4632.16" departLane="best" from="72878025#0" to="202565682#1"/>
    <trip id="veh541" type="veh_passenger" depart="4640.74" departLane="best" from="-1303417314" to="-181613191#0"/>
    <trip id="veh542" type="veh_passenger" depart="4649.31" departLane="best" from="181613191#0" to="-73032692"/>
    <trip id="veh543" type="veh_passenger" depart="4657.89" departLane="best" from="255387123#0" to="202565713#0"/>
    <trip id="veh544" type="veh_passenger" depart="4666.47" departLane="best" from="73031456#2" to="73030425#4"/>
    <trip id="veh545" type="veh_passenger" depart="4675.05" departLane="best" from="1092139662#1" to="1334174226#0"/>
    <trip id="veh546" type="veh_passenger" depart="4683.63" departLane="best" from="-438525559#1" to="1123427075"/>
    <trip id="veh547" type="veh_passenger" depart="4692.20" departLane="best" from="73036341#4" to="235882320#2"/>
    <trip id="veh548" type="veh_passenger" depart="4700.78" departLane="best" from="-1124062594#0" to="1334174313#0"/>
    <trip id="veh549" type="veh_passenger" depart="4709.36" departLane="best" from="73032691" to="-992712231#1"/>
    <trip id="veh550" type="veh_passenger" depart="4717.94" departLane="best" from="1124062590#3" to="-72878023#0"/>
    <trip id="veh551" type="veh_passenger" depart="4726.52" departLane="best" from="-72879991" to="202565713#3"/>
    <trip id="veh552" type="veh_passenger" depart="4735.09" departLane="best" from="-181613165" to="1092139662#5"/>
    <trip id="veh553" type="veh_passenger" depart="4743.67" departLane="best" departSpeed="max" from="151829684#0" to="1124062596#4"/>
    <trip id="veh554" type="veh_passenger" depart="4752.25" departLane="best" from="1237198320#0" to="1124062589#1"/>
    <trip id="veh555" type="veh_passenger" depart="4760.83" departLane="best" from="-72881199#1" to="-73030447#1"/>
    <trip id="veh556" type="veh_passenger" depart="4769.41" departLane="best" from="73032858#0" to="1237198320#1"/>
    <trip id="veh557" type="veh_passenger" depart="4777.99" departLane="best" from="-73030447#5" to="438525559#1"/>
    <trip id="veh558" type="veh_passenger" depart="4786.56" departLane="best" from="1334174227#1" to="72881199#3"/>
    <trip id="veh559" type="veh_passenger" depart="4795.14" departLane="best" from="-183248164" to="439786102#2"/>
    <trip id="veh560" type="veh_passenger" depart="4803.72" departLane="best" from="73030423#2" to="73030447#3"/>
    <trip id="veh561" type="veh_passenger" depart="4812.30" departLane="best" from="-1180132072#1" to="1092139662#5"/>
    <trip id="veh563" type="veh_passenger" depart="4829.45" departLane="best" from="1124062590#3" to="-72878713"/>
    <trip id="veh564" type="veh_passenger" depart="4838.03" departLane="best" from="-72879142" to="-72879991"/>
    <trip id="veh565" type="veh_passenger" depart="4846.61" departLane="best" from="1092139662#3" to="1124062595#9"/>
    <trip id="veh566" type="veh_passenger" depart="4855.19" departLane="best" departSpeed="max" from="181613189" to="73030702#5"/>
    <trip id="veh568" type="veh_passenger" depart="4872.34" departLane="best" from="439786086#0" to="1175890758"/>
    <trip id="veh569" type="veh_passenger" depart="4880.92" departLane="best" from="-1124062590#1" to="-992712231#1"/>
    <trip id="veh570" type="veh_passenger" depart="4889.50" departLane="best" from="72878693" to="1190293917"/>
    <trip id="veh571" type="veh_passenger" depart="4898.08" departLane="best" from="73030423#2" to="1124062590#3"/>
    <trip id="veh572" type="veh_passenger" depart="4906.66" departLane="best" from="73032858#0" to="73037905#1"/>
    <trip id="veh573" type="veh_passenger" depart="4915.23" departLane="best" departSpeed="max" from="1150075890" to="-73032691"/>
    <trip id="veh574" type="veh_passenger" depart="4923.81" departLane="best" from="1124062591#0" to="1267442521#1"/>
    <trip id="veh575" type="veh_passenger" depart="4932.39" departLane="best" from="72878025#1" to="72878889"/>
    <trip id="veh576" type="veh_passenger" depart="4940.97" departLane="best" from="72878025#3" to="438525559#1"/>
    <trip id="veh577" type="veh_passenger" depart="4949.55" departLane="best" from="-73031453#0" to="202565682#1"/>
    <trip id="veh578" type="veh_passenger" depart="4958.12" departLane="best" from="73030447#6" to="1285481593"/>
    <trip id="veh579" type="veh_passenger" depart="4966.70" departLane="best" from="-73030425#1" to="-73032692"/>
    <trip id="veh581" type="veh_passenger" depart="4983.86" departLane="best" from="1092139662#3" to="73032689#0"/>
    <trip id="veh582" type="veh_passenger" depart="4992.44" departLane="best" from="73030447#2" to="1180132072#0"/>
</routes>
